<?xml version="1.0" encoding="UTF-8"?>
    <!-- Title : XSLT transformation to export CICS connections from       -->
    <!--         Apache Open Office                                        -->
    <!-- How to: To use this file create a new XML Filter in Open office   -->
    <!-- Author: Giovanni Creato/Italy/IBM                                 -->

    <!-- Define namespaces                                                 -->
    <xsl:stylesheet version="1.0" xmlns:xsl="http://www.w3.org/1999/XSL/Transform"
       xmlns:office="urn:oasis:names:tc:opendocument:xmlns:office:1.0"
       xmlns:table="urn:oasis:names:tc:opendocument:xmlns:table:1.0"
       xmlns:text="urn:oasis:names:tc:opendocument:xmlns:text:1.0"
       exclude-result-prefixes="office table text">

    <xsl:output method = "xml" indent = "yes" encoding = "UTF-8" omit-xml-declaration = "no"/>

    <!-- Set Target "URL"  															-->
    <xsl:param name="targetURL"/>

    <xsl:variable name="exportDate">
      <xsl:choose>
       <xsl:when test="string-length(substring-before($targetURL,';'))=10">
        <xsl:value-of select="substring-before($targetURL,';')"/>
       </xsl:when>
       <xsl:when test="string-length($targetURL)=10">
        <xsl:value-of select="$targetURL"/>
       </xsl:when>
      </xsl:choose>
    </xsl:variable>

    <xsl:variable name="exportUser">
      <xsl:if test="string-length(substring-after($targetURL,';'))>0">
       <xsl:value-of select="substring-after($targetURL,';')"/>
      </xsl:if>
    </xsl:variable>

    <!-- Process the document model -->
    <xsl:template match="/">
      <connections>
		<type type="com.ibm.cics.sm.comm.sm.connection">
			   <!-- Process table -->
			   <xsl:apply-templates select="//table:table"/>
		</type>
      </connections>
    </xsl:template>

    <xsl:template match="table:table">
      <!-- Process all table-rows after the column labels in table-row 1 -->
      <xsl:for-each select="table:table-row">
       <xsl:if test="position()>1">
		<configID>
		<xsl:attribute name="configID"><xsl:value-of select="position()"/></xsl:attribute>
         <!-- Process the first for columns containing name, host, port and maturity -->
			<xsl:for-each select="table:table-cell">
			  <xsl:choose>
			   <xsl:when test="position()=1">
				<xsl:attribute name="name"><xsl:value-of select="text:p"/></xsl:attribute>
			   </xsl:when>
			   <xsl:when test="position()=2">
				   <xsl:attribute name="host"><xsl:value-of select="text:p"/></xsl:attribute>
			  </xsl:when>
			   <xsl:when test="position()=3">
				   <xsl:attribute name="port"><xsl:value-of select="@office:value"/></xsl:attribute>
			  </xsl:when>
			  </xsl:choose>
			</xsl:for-each>
		</configID>
       </xsl:if>
      </xsl:for-each>
    </xsl:template>
</xsl:stylesheet>